残项	所需专书	版本/来源	目标位置	备注
宋史艺文志残条7项(李□通礼/杨□□临漳志/韩□奏议/僧□光/僧□妻岩/周文玘邻/张訢邻)	《宋史艺文志补》	倪灿原本·卢文弨补·中华书局《二十五史补编》本	卷202-207对应类	补志著录可补作者名
赵X政夫(6175/96267)	《宝庆四明志》卷十选举	咸丰四年刊本/中华书局影印	宋进士科名表	彦逾子居鄞,绍熙四年进士
临漳志撰者(55498)	《临漳志》序	淳熙志,见万历漳州府志卷首旧序	李纶序	或录主修者名
江津移治镇名(19909)	《元丰九域志》卷八	中华书局点校本/维基文库四库本	夔州路渝州江津县	四库本或异于殿本
厚X爵系(11435-11437)	殿本明史卷119	武英殿刊本影印/明史集解	徽王传	ws PUA同位五处
王X质/张X儿/祐X耆(23044/11437/11444)	殿本明史卷119/309	同上	楚惠王/宁夏/楚府监军	谱系字辈推考并行
琉球译名(6539/23941)	《明代琉球史料汇编》	社科文献出版社	中山世谱对勘	译名专书
占城译名(23759-23941)	《占城史》/《宋史外国传纪实》	对勘本	卷324占城条	译名专书
⿰火耿/⿰土周/⿰火冒码位	《汉字扩展编码》/新 UNICODE 扩展	CHISE IDS 数据库/新扩展H/I	随字库扩容	已IDS补入可检索
