行	卷	标记	应用(标记主张)	ws读法	说明
192	卷一上	*(高)*		高	标记主张优先,ws为未施校勘正文
325	卷一下	*(民)**[人]*	人	民。	标记主张优先,ws为未施校勘正文
345	卷一下	*(太守)**[大将军]*	大将军	太守	标记主张优先,ws为未施校勘正文
405	卷一下	*(常)**[武]*	武	常	标记主张优先,ws为未施校勘正文
422	卷一下	*(民)**[人]*	人	民，	标记主张优先,ws为未施校勘正文
443	卷一下	*(亥)**[未]*	未	亥	标记主张优先,ws为未施校勘正文
452	卷一下	*(甲戌)**[癸酉]*	癸酉	甲戌	标记主张优先,ws为未施校勘正文
596	卷二	*(其)*		，其	标记主张优先,ws为未施校勘正文
765	卷三	*(太)*		太	标记主张优先,ws为未施校勘正文
834	卷三	*(桓)**[构]*	构	构，	标记主张优先,ws为未施校勘正文
876	卷四	*(棝)**[稒]*	稒	棝	标记主张优先,ws为未施校勘正文
877	卷四	*(和)**[私]*渠*(北)**[比]*	私渠比	和渠北	标记主张优先,ws为未施校勘正文
1130	卷五	*(大)*		大	标记主张优先,ws为未施校勘正文
1139	卷五	*(主)**[国]*	国	主	标记主张优先,ws为未施校勘正文
1357	卷五	*(反)*		反，	标记主张优先,ws为未施校勘正文
1370	卷五	*(普)**[翼]*	翼	普、	标记主张优先,ws为未施校勘正文
1386	卷五	*(诏)**[诣]*	诣	，诏	标记主张优先,ws为未施校勘正文
1392	卷五	*(诸)*		诸	标记主张优先,ws为未施校勘正文
1415	卷六	*(郎)**[郭]*	郭	郎	标记主张优先,ws为未施校勘正文
1595	卷六	*(都)**[威]*	威	都	标记主张优先,ws为未施校勘正文
1618	卷六	*(当)**[何]*	何	当	标记主张优先,ws为未施校勘正文
1623	卷六	*(河)**[阿]*	阿	河	标记主张优先,ws为未施校勘正文
1723	卷七	*(顾)**[硕]*	硕	顾	标记主张优先,ws为未施校勘正文
1792	卷七	*[薁鞬]*台*[耆]*	薁鞬台耆	台、	标记主张优先,ws为未施校勘正文
1904	卷七	*(瘿)**[廮]*	廮	瘿	标记主张优先,ws为未施校勘正文
1926	卷七	*(亥)**[卯]*	卯	亥	标记主张优先,ws为未施校勘正文
1960	卷七	*(瘿)**[廮]*	廮	瘿	标记主张优先,ws为未施校勘正文
1980	卷八	*(丁)**[辛]*	辛	丁	标记主张优先,ws为未施校勘正文
1991	卷八	*(瑀)**[寓]*	寓	瑀、	标记主张优先,ws为未施校勘正文
1991	卷八	*(翌)**[昱]*	昱	翌、	标记主张优先,ws为未施校勘正文
1991	卷八	*(庚子)**[戊戌]*	戊戌	。庚子	标记主张优先,ws为未施校勘正文
2047	卷八	*(孙)**[子]*	子	孙	标记主张优先,ws为未施校勘正文
2156	卷八	*(师)**[帅]*	帅	师	标记主张优先,ws为未施校勘正文
2156	卷八	*(万)**[方]*	方	万，	标记主张优先,ws为未施校勘正文
2181	卷八	*(己)**[癸]*	癸	。己	标记主张优先,ws为未施校勘正文
2187	卷八	*(南)**[内]*	内	南	标记主张优先,ws为未施校勘正文
2212	卷八	*(兵)*		兵	标记主张优先,ws为未施校勘正文
2245	卷八	*(喜)**[熹]*	熹	喜。	标记主张优先,ws为未施校勘正文
2253	卷八	*(喜)**[熹]*	熹	喜	标记主张优先,ws为未施校勘正文
2397	卷九	*(阴)**[北]*	北	阴、	标记主张优先,ws为未施校勘正文
2489	卷十上	*(欲)**[故]*	故	欲。	标记主张优先,ws为未施校勘正文
2491	卷十上	*[帝]*	帝	，帝	标记主张优先,ws为未施校勘正文
2544	卷十下	*(县)*		县	标记主张优先,ws为未施校勘正文
2546	卷十下	*(喜)**[熹]*	熹	喜	标记主张优先,ws为未施校勘正文
2572	卷十下	*(三)*		三	标记主张优先,ws为未施校勘正文
2576	卷十下	*(讳)*		讳	标记主张优先,ws为未施校勘正文
2579	卷十下	*[太]*	太	，太	标记主张优先,ws为未施校勘正文
2582	卷十下	*[重]*	重	，重	标记主张优先,ws为未施校勘正文
2602	卷十下	*(初)**[元]*	元	初	标记主张优先,ws为未施校勘正文
2609	卷十下	*(延)*		延	标记主张优先,ws为未施校勘正文
2657	卷十一	*(灌)**[濩]*	濩	灌	标记主张优先,ws为未施校勘正文
2661	卷十一	*(吏)**[史]*	史	吏，	标记主张优先,ws为未施校勘正文
2661	卷十一	*(臣)**[巨]*	巨	臣	标记主张优先,ws为未施校勘正文
2664	卷十一	*(吏)**[史]*	史	吏	标记主张优先,ws为未施校勘正文
2672	卷十一	*(得)**[后]*	后	。得	标记主张优先,ws为未施校勘正文
2757	卷十三	*[乘]*	乘	，乘	标记主张优先,ws为未施校勘正文
2775	卷十三	*[行]*	行	、行	标记主张优先,ws为未施校勘正文
2846	卷十四	*[嗣]*	嗣	嗣。	标记主张优先,ws为未施校勘正文
2872	卷十四	*(叔)**[杀]*	杀	杀，	标记主张优先,ws为未施校勘正文
2926	卷十五	*(辩)**[辨]*	辨	辨，	标记主张优先,ws为未施校勘正文
2926	卷十五	*(览)**[閴]*	閴	揽	标记主张优先,ws为未施校勘正文
2965	卷十六	*[乌桓]*	乌桓	，乌桓	标记主张优先,ws为未施校勘正文
3069	卷十七	*(中)**[忠]*	忠	忠、	标记主张优先,ws为未施校勘正文
3082	卷十七	*(十)*有*[十]*	有十	十有	标记主张优先,ws为未施校勘正文
3083	卷十七	*(返)**[反]*	反	反，	标记主张优先,ws为未施校勘正文
3156	卷十八	*[董宪]*	董宪	，董宪	标记主张优先,ws为未施校勘正文
3199	卷十九	*[日]*	日	，日	标记主张优先,ws为未施校勘正文
3219	卷十九	[耿]	耿	。耿	标记主张优先,ws为未施校勘正文
3224	卷十九	*(马)**[农]*	农	农。	标记主张优先,ws为未施校勘正文
3309	卷二十	*(功)**[切]*	切	，切	标记主张优先,ws为未施校勘正文
3478	卷二十三	*(泛)**(稒)*		稒	标记主张优先,ws为未施校勘正文
3526	卷二十四	*(恩)**[宽]*	宽	，宽	标记主张优先,ws为未施校勘正文
3579	卷二十四	*(诏)**[绍]*	绍	诏	标记主张优先,ws为未施校勘正文
3647	卷二十五	*[要]**(霸)*	要	，霸	标记主张优先,ws为未施校勘正文
3702	卷二十六	*(章)**[元]*	元	，元	标记主张优先,ws为未施校勘正文
3845	卷二十七	*(董卓)**[李傕]*	李傕	。李傕	标记主张优先,ws为未施校勘正文
4035	卷三十上	*[与]*	与	，与	标记主张优先,ws为未施校勘正文
4057	卷三十上	*(太)**[本]*	本	。本	标记主张优先,ws为未施校勘正文
4068	卷三十下	*[也]*	也	也。	标记主张优先,ws为未施校勘正文
4099	卷三十下	*(计)**[斗]*	斗	，斗	标记主张优先,ws为未施校勘正文
4161	卷三十一	*(当)*		当	标记主张优先,ws为未施校勘正文
4164	卷三十一	*(公)*君*[公]*	君公	君公，	标记主张优先,ws为未施校勘正文
4170	卷三十一	*(收)**[牧]*	牧	，牧	标记主张优先,ws为未施校勘正文
4262	卷三十二	*(胡)**[湖]*	湖	、湖	标记主张优先,ws为未施校勘正文
4263	卷三十二	*(延)**[廷]*	廷	廷、	标记主张优先,ws为未施校勘正文
4281	卷三十三	*[之]*	之	之，	标记主张优先,ws为未施校勘正文
4320	卷三十三	*(吏)**[史]*	史	史，	标记主张优先,ws为未施校勘正文
4330	卷三十三	*(阴)**[阳]*	阳	阴	标记主张优先,ws为未施校勘正文
4330	卷三十三	*[初]*	初	初，	标记主张优先,ws为未施校勘正文
4330	卷三十三	*[令]*	令	令，	标记主张优先,ws为未施校勘正文
4365	卷三十四	*[恩成]*	恩成	、恩成	标记主张优先,ws为未施校勘正文
4396	卷三十四	*(阳)*成*[阳]*	成阳	、成阳	标记主张优先,ws为未施校勘正文
4478	卷三十六	*[嚣]*	嚣	，嚣	标记主张优先,ws为未施校勘正文
4589	卷三十七	*(辟)*		辟，	标记主张优先,ws为未施校勘正文
4594	卷三十七	*[猛]*	猛	，猛	标记主张优先,ws为未施校勘正文
4621	卷三十七	*[湛]*	湛	。湛	标记主张优先,ws为未施校勘正文
4660	卷三十八	*(何)**[可]*	可	，何	标记主张优先,ws为未施校勘正文
4666	卷三十八	*(共)**[期]*	期	共	标记主张优先,ws为未施校勘正文
4681	卷三十九	*[之]*	之	之，	标记主张优先,ws为未施校勘正文
4794	卷四十上	*(泰)**[太]*	太	太、	标记主张优先,ws为未施校勘正文
4794	卷四十上	*(覠)**[覠]*	覠	墄	标记主张优先,ws为未施校勘正文
4837	卷四十下	*(民)**[人]*	人	人，	标记主张优先,ws为未施校勘正文
4845	卷四十下	*(御)**[觐]*	觐	，觐	标记主张优先,ws为未施校勘正文
4868	卷四十下	*(亲)**[睹]*	睹	莺	标记主张优先,ws为未施校勘正文
4897	卷四十下	*(让)**[谦]*	谦	谦，	标记主张优先,ws为未施校勘正文
4955	卷四十一	*[县]*	县	。县	标记主张优先,ws为未施校勘正文
4958	卷四十一	*(常)**[尝]*	尝	。尝	标记主张优先,ws为未施校勘正文
5061	卷四十二	*(逊)⟦0⟧[子]*	(逊)⟦0⟧子	建	标记主张优先,ws为未施校勘正文
5216	卷四十四	*[其]*求*(其)*	其求	求	标记主张优先,ws为未施校勘正文
5470	卷四十八	*(可)*		可	标记主张优先,ws为未施校勘正文
5476	卷四十九	*(世)**[代]*	代	世	标记主张优先,ws为未施校勘正文
5491	卷四十九	*(非)**[不]*	不	非	标记主张优先,ws为未施校勘正文
5502	卷四十九	*(令)**[今]*	今	。令	标记主张优先,ws为未施校勘正文
5531	卷四十九	*(妓)*[伎]		妓	标记主张优先,ws为未施校勘正文
5539	卷四十九	*(也)*		也，	标记主张优先,ws为未施校勘正文
5544	卷四十九	*(禄)*班*[禄]*	班禄	，禄班	标记主张优先,ws为未施校勘正文
5593	卷五十	*(于)**[王]*	王	王，	标记主张优先,ws为未施校勘正文
5604	卷五十	*(永)**[元]*	元	。元	标记主张优先,ws为未施校勘正文
5644	卷五十一	*(至)*臣*[至]*	臣至	。臣至	标记主张优先,ws为未施校勘正文
5685	卷五十二	*(齳)**[谄]*	谄	谄，	标记主张优先,ws为未施校勘正文
5713	卷五十二	*(帝)**[常]*	常	，常	标记主张优先,ws为未施校勘正文
5739	卷五十二	*(世)**[代]*	代	代，	标记主张优先,ws为未施校勘正文
5767	卷五十三	*(法)**[决]*	决	，决	标记主张优先,ws为未施校勘正文
5778	卷五十三	*(闳)**[阆]*	阆	阆，	标记主张优先,ws为未施校勘正文
5886	卷五十四	*[昔]*	昔	。昔	标记主张优先,ws为未施校勘正文
5905	卷五十五	*(嗣)**[祀]*	祀	祀。	标记主张优先,ws为未施校勘正文
5925	卷五十五	*(太)**[大]*	大	。大	标记主张优先,ws为未施校勘正文
5950	卷五十五	*(长)**[苌]*	苌	。苌	标记主张优先,ws为未施校勘正文
5993	卷五十六	*(近)**[乃]*	乃	，乃	标记主张优先,ws为未施校勘正文
6028	卷五十七	*[好道]*	好道	。好道。	标记主张优先,ws为未施校勘正文
6028	卷五十七	*(校)*学*[校]*	学校	学校，	标记主张优先,ws为未施校勘正文
6078	卷五十七	*(法)*正*[法]*	正法	正法。	标记主张优先,ws为未施校勘正文
6093	卷五十七	*[魂]*	魂	魂，	标记主张优先,ws为未施校勘正文
6357	卷六十上	*(袒)**[裸]*	裸	，裸	标记主张优先,ws为未施校勘正文
6370	卷六十上	*(也)**[属]*	属	属。	标记主张优先,ws为未施校勘正文
6405	卷六十下	*(格)**[洛]*	洛	六	标记主张优先,ws为未施校勘正文
6639	卷六十三	*(犹)**[由]*	由	。由	标记主张优先,ws为未施校勘正文
6749	卷六十四	*[之]*	之	之，	标记主张优先,ws为未施校勘正文
6933	卷六十七	*(敷)**[敷]*	敷	敷、	标记主张优先,ws为未施校勘正文
7000	卷六十七	*(征)**[复]*	复	，复	标记主张优先,ws为未施校勘正文
7010	卷六十七	*(像)**[豫]*	豫	豫，	标记主张优先,ws为未施校勘正文
7013	卷六十七	*[翔]*	翔	，翔	标记主张优先,ws为未施校勘正文
7050	卷六十八	*(宫)**[官]*	官	官，	标记主张优先,ws为未施校勘正文
7105	卷六十九	*(庞)**[逄]*	逄	庞	标记主张优先,ws为未施校勘正文
7108	卷六十九	*(宜)*		宜	标记主张优先,ws为未施校勘正文
7131	卷七十	*(基)**[棋]*	棋	基	标记主张优先,ws为未施校勘正文
7225	卷七十	*(望)**[重]*	重	望	标记主张优先,ws为未施校勘正文
7237	卷七十一	*(尔)**[己]*	己	，尔	标记主张优先,ws为未施校勘正文
7243	卷七十一	*(梁)**[凉]*	凉	，梁	标记主张优先,ws为未施校勘正文
7246	卷七十一	*(迫)**[追]*	追	迫，	标记主张优先,ws为未施校勘正文
7264	卷七十一	*(伯)**[百]*	百	伯	标记主张优先,ws为未施校勘正文
7304	卷七十二	*(柸)**[杯]*	杯	柸	标记主张优先,ws为未施校勘正文
7360	卷七十三	*(司)**[青]*	青	、青、	标记主张优先,ws为未施校勘正文
7408	卷七十四上	*(以)**[与]*	与	，与	标记主张优先,ws为未施校勘正文
7427	卷七十四上	*(羞)**[眷]*	眷	眷，	标记主张优先,ws为未施校勘正文
7449	卷七十四上	*(兵)**[其]*	其	，其	标记主张优先,ws为未施校勘正文
7449	卷七十四上	*(将军)**[持牢]*	持牢	持牢，	标记主张优先,ws为未施校勘正文
7469	卷七十四上	*[营中]*	营中	，营中	标记主张优先,ws为未施校勘正文
7570	卷七十五	*[操]*	操	。操	标记主张优先,ws为未施校勘正文
7576	卷七十五	*(原)*		，原	标记主张优先,ws为未施校勘正文
7778	卷七十八	*(汉)*		汉	标记主张优先,ws为未施校勘正文
7781	卷七十八	*(德)**[翼]*	翼	翼，	标记主张优先,ws为未施校勘正文
7972	卷七十九下	*(晔)**[抚]*卒*(业)*	抚卒	。抚卒	标记主张优先,ws为未施校勘正文
7987	卷七十九下	*(儵)**[鯈]*	鯈	儵	标记主张优先,ws为未施校勘正文
8191	卷八十下	*(谢)**[射]*	射	射，	标记主张优先,ws为未施校勘正文
8199	卷八十下	*(西)*河*[西]*	河西	。河西	标记主张优先,ws为未施校勘正文
8240	卷八十一	*(使阳)**[便赐]*	便赐	，便赐	标记主张优先,ws为未施校勘正文
8291	卷八十一	*[失]*尸*[骸]*	失尸骸	失尸骸。	标记主张优先,ws为未施校勘正文
8291	卷八十一	*[泣]*	泣	，泣	标记主张优先,ws为未施校勘正文
8319	卷八十一	*(皆)**[尝]*	尝	，尝	标记主张优先,ws为未施校勘正文
8505	卷八十二下	*(宓)**[密]*	密	，密	标记主张优先,ws为未施校勘正文
8554	卷八十三	*[名]*	名	，名	标记主张优先,ws为未施校勘正文
8689	卷八十五	*(主)**[生]*	生	生，	标记主张优先,ws为未施校勘正文
8690	卷八十五	*(贵)**[责]*	责	，责	标记主张优先,ws为未施校勘正文
8694	卷八十五	*(部)**[郡]*	郡	郡。	标记主张优先,ws为未施校勘正文
8755	卷八十六	*(怜)**[伶]*	伶	伶、	标记主张优先,ws为未施校勘正文
8785	卷八十六	*(众)**[聚]*	聚	邑。	标记主张优先,ws为未施校勘正文
8841	卷八十七	*[上]*河*(上)*	上河	上河，	标记主张优先,ws为未施校勘正文
8872	卷八十七	*(谷)**[毂]*	毂	。毂	标记主张优先,ws为未施校勘正文
8941	卷八十八	*[也]*	也	也。	标记主张优先,ws为未施校勘正文
9009	卷八十九	*(义)**[地]*	地	地。	标记主张优先,ws为未施校勘正文
9014	卷八十九	*[单于]*	单于	。单于	标记主张优先,ws为未施校勘正文
9017	卷八十九	*[安国]*	安国	。安国	标记主张优先,ws为未施校勘正文
9122	志第一	*(日)**[月]*	月	月，	标记主张优先,ws为未施校勘正文
9123	志第一	*(韦)*		韦	标记主张优先,ws为未施校勘正文
9123	志第一	*(字少翁)*		、字少翁	标记主张优先,ws为未施校勘正文
9124	志第一	*(终)**[统]*	统	终	标记主张优先,ws为未施校勘正文
9125	志第一	*(草)**[革]*	革	草	标记主张优先,ws为未施校勘正文
9130	志第一	*(清)*		清	标记主张优先,ws为未施校勘正文
9130	志第一	*(数实)**[清]*	清	数实。	标记主张优先,ws为未施校勘正文
9130	志第一	*(数)**[得]*	得	，数	标记主张优先,ws为未施校勘正文
9148	志第一	*(弱)**[强]*	强	强。	标记主张优先,ws为未施校勘正文
9154	志第一	*(大)**[半]*	半	大	标记主张优先,ws为未施校勘正文
9159	志第一	*(下)**[不]*	不	。下	标记主张优先,ws为未施校勘正文
9161	志第一	*(大)**[半]*	半	大	标记主张优先,ws为未施校勘正文
9161	志第一	*(百一)*		百一	标记主张优先,ws为未施校勘正文
9165	志第一	*(一)*		一	标记主张优先,ws为未施校勘正文
9168	志第一	*(少)*		少	标记主张优先,ws为未施校勘正文
9169	志第一	*(八十)**[一百]*	一百	八十	标记主张优先,ws为未施校勘正文
9171	志第一	*(微)**[半]*	半	微	标记主张优先,ws为未施校勘正文
9177	志第一	*(时)**[晓]*	晓	时	标记主张优先,ws为未施校勘正文
9179	志第一	*(灰)**[炭]*，*(放)**[效]*	炭，效	灰，放	标记主张优先,ws为未施校勘正文
9179	志第一	*(灰)**[炭]*	炭	灰	标记主张优先,ws为未施校勘正文
9179	志第一	*(灰)**[炭]*	炭	灰	标记主张优先,ws为未施校勘正文
9181	志第一	*(去)**[动]*	动	去。	标记主张优先,ws为未施校勘正文
9183	志第二	*[因]*	因	，因	标记主张优先,ws为未施校勘正文
9183	志第二	*[候]*	候	候，	标记主张优先,ws为未施校勘正文
9184	志第二	*(从)**[后]*	后	，后	标记主张优先,ws为未施校勘正文
9185	志第二	*(顾)**[题]*	题	，题	标记主张优先,ws为未施校勘正文
9185	志第二	*(喜)**[熙]*	熙	熙，	标记主张优先,ws为未施校勘正文
9192	志第二	*(十)*		北	标记主张优先,ws为未施校勘正文
9193	志第二	*(宣)**[宜]*	宜	，宜	标记主张优先,ws为未施校勘正文
9195	志第二	*[亦得朔]*	亦得朔	亦得朔，	标记主张优先,ws为未施校勘正文
9195	志第二	*[而]*	而	，而	标记主张优先,ws为未施校勘正文
9195	志第二	*[有]*	有	，有	标记主张优先,ws为未施校勘正文
9198	志第二	*[圜]*	圜	圜，	标记主张优先,ws为未施校勘正文
9199	志第二	*(表)**[辰]*	辰	辰，	标记主张优先,ws为未施校勘正文
9206	志第二	*(禅)**[浑]*	浑	浑。	标记主张优先,ws为未施校勘正文
9207	志第二	*[害]*	害	害。	标记主张优先,ws为未施校勘正文
9207	志第二	*(有)*明*[文]*	明文	明文，	标记主张优先,ws为未施校勘正文
9209	志第二	*[汉兴]**(以)*	汉兴	。汉兴	标记主张优先,ws为未施校勘正文
9209	志第二	*(黄)**[武]*	武	。武	标记主张优先,ws为未施校勘正文
9211	志第二	*[为本]*	为本	为本，	标记主张优先,ws为未施校勘正文
9211	志第二	*[香]*	香	香、	标记主张优先,ws为未施校勘正文
9222	志第三	*[所]*	所	所，	标记主张优先,ws为未施校勘正文
9222	志第三	*(术)**[行]*	行	行，	标记主张优先,ws为未施校勘正文
9245	志第三	*(为章闰)*		，为章闰。	标记主张优先,ws为未施校勘正文
9262	志第三	*(日)**[月]*	月	月，	标记主张优先,ws为未施校勘正文
9285	志第三	*[大分]*	大分	，大分	标记主张优先,ws为未施校勘正文
9288	志第三	*[食]*	食	食，	标记主张优先,ws为未施校勘正文
9294	志第三	*(昼)**[尽]*	尽	尽，	标记主张优先,ws为未施校勘正文
9295	志第三	*[月]*	月	月，	标记主张优先,ws为未施校勘正文
9304	志第三	*[合]*	合	。合	标记主张优先,ws为未施校勘正文
9309	志第三	*(余一)**[金、水]*	金、水	。金、水	标记主张优先,ws为未施校勘正文
9310	志第三	*[小余四百九十九，]*	小余四百九十九，	四分三，	标记主张优先,ws为未施校勘正文
9310	志第三	*(如)**[加]*	加	，加	标记主张优先,ws为未施校勘正文
9314	志第三	*[百]*	百	，百	标记主张优先,ws为未施校勘正文
9321	志第三	*[旋]*	旋	。旋	标记主张优先,ws为未施校勘正文
9322	志第三	*(如)**[加]*	加	，加	标记主张优先,ws为未施校勘正文
9326	志第三	*进*(二)****壁*(十)****进*(三)**		娄十	标记主张优先,ws为未施校勘正文
9326	志第三	*[二为半，三为太，]*	二为半，三为太，	、大，余	标记主张优先,ws为未施校勘正文
9328	志第三	*少强退一*	少强退一	少强	标记主张优先,ws为未施校勘正文
9328	志第三	*少弱退二*	少弱退二	少弱	标记主张优先,ws为未施校勘正文
9328	志第三	*半弱退三*	半弱退三	半弱	标记主张优先,ws为未施校勘正文
9328	志第三	*弱退二*	弱退二	弱	标记主张优先,ws为未施校勘正文
9328	志第三	*半退二*	半退二	半	标记主张优先,ws为未施校勘正文
9328	志第三	*少进一*	少进一	少	标记主张优先,ws为未施校勘正文
9328	志第三	*强进二*	强进二	强	标记主张优先,ws为未施校勘正文
9328	志第三	*少弱进三*	少弱进三	少弱	标记主张优先,ws为未施校勘正文
9328	志第三	*大强退三*	大强退三	大强	标记主张优先,ws为未施校勘正文
9328	志第三	*大退一*	大退一	大	标记主张优先,ws为未施校勘正文
9328	志第三	*弱退一*	弱退一	弱	标记主张优先,ws为未施校勘正文
9328	志第三	*大退三*	大退三	大	标记主张优先,ws为未施校勘正文
9328	志第三	*半弱退四*	半弱退四	半弱	标记主张优先,ws为未施校勘正文
9328	志第三	*少强退三*	少强退三	少强	标记主张优先,ws为未施校勘正文
9328	志第三	*大强进一*	大强进一	大强	标记主张优先,ws为未施校勘正文
9328	志第三	*大强进一*	大强进一	大强	标记主张优先,ws为未施校勘正文
9328	志第三	*大强进二*	大强进二	大强	标记主张优先,ws为未施校勘正文
9346	志第四	*(日)*		。日	标记主张优先,ws为未施校勘正文
9346	志第四	*(绿)**[缘]*	缘	，绿	标记主张优先,ws为未施校勘正文
9352	志第四	*(止)**[折]*	折	，止	标记主张优先,ws为未施校勘正文
9352	志第四	*[舞]*	舞	，舞	标记主张优先,ws为未施校勘正文
9352	志第四	*(君)**[髃]*	髃	，君	标记主张优先,ws为未施校勘正文
9355	志第四	*(以据)**[冠讫]*	冠讫	。冠讫，	标记主张优先,ws为未施校勘正文
9363	志第四	*(陵)**[早]*	早	，早	标记主张优先,ws为未施校勘正文
9370	志第四	*(今)**[祭]*	祭	，祭	标记主张优先,ws为未施校勘正文
9370	志第四	*(乐)**[丝]*	丝	丝。	标记主张优先,ws为未施校勘正文
9370	志第四	*[皇后]*	皇后	，皇后	标记主张优先,ws为未施校勘正文
9370	志第四	*(亦)**[与]*	与	，与	标记主张优先,ws为未施校勘正文
9385	志第五	*(甲)**[中]*	中	，中	标记主张优先,ws为未施校勘正文
9386	志第五	*[除]*	除	除，	标记主张优先,ws为未施校勘正文
9388	志第五	*(人)**[佥]*	佥	，佥	标记主张优先,ws为未施校勘正文
9391	志第五	*(植)**[殖]*	殖	殖。	标记主张优先,ws为未施校勘正文
9395	志第五	*(自)**[白]*	白	，白	标记主张优先,ws为未施校勘正文
9397	志第五	*[告]*	告	告，	标记主张优先,ws为未施校勘正文
9406	志第五	*(太子)**[大予]*	大予	。大予	标记主张优先,ws为未施校勘正文
9416	志第五	*[正月]*	正月	正月，	标记主张优先,ws为未施校勘正文
9420	志第五	*[髃]*	髃	。腢	标记主张优先,ws为未施校勘正文
9420	志第五	*(住)**[位]*东*(西)**[南]*	位东南	位东南，	标记主张优先,ws为未施校勘正文
9420	志第五	*[倡]*	倡	，倡	标记主张优先,ws为未施校勘正文
9449	志第六	*[陵]*	陵	颐	标记主张优先,ws为未施校勘正文
9471	志第七	*(燌)**[燎]*	燎	，燎	标记主张优先,ws为未施校勘正文
9478	志第七	*(起是)*以*(中)*		，以	标记主张优先,ws为未施校勘正文
9515	志第八	*(祀)**[礼]*	礼	礼。	标记主张优先,ws为未施校勘正文
9539	志第九	*[曰西陵]*	曰西陵	曰西陵。	标记主张优先,ws为未施校勘正文
9539	志第九	*(孙)**[孩]*	孩	孩，	标记主张优先,ws为未施校勘正文
9558	志第九	*(有)**[用]*	用	有	标记主张优先,ws为未施校勘正文
9578	志第十	*[门]*	门	门，	标记主张优先,ws为未施校勘正文
9592	志第十一	*(百)**[见]*	见	。百	标记主张优先,ws为未施校勘正文
9602	志第十一	*[边]*	边	边，	标记主张优先,ws为未施校勘正文
9605	志第十一	*(蕉)**[嶲]*	嶲	巂	标记主张优先,ws为未施校勘正文
9618	志第十一	*[反]*	反	反，	标记主张优先,ws为未施校勘正文
9623	志第十一	**月*(二日)*		二月，	标记主张优先,ws为未施校勘正文
9653	志第十一	*(阳)**[杨]*	杨	、杨	标记主张优先,ws为未施校勘正文
9671	志第十二	*(鲁)**[会]*	会	会、	标记主张优先,ws为未施校勘正文
9671	志第十二	*(鲁)**[会]*	会	、会	标记主张优先,ws为未施校勘正文
9679	志第十二	*(髃)**[合]*	合	郃	标记主张优先,ws为未施校勘正文
9683	志第十二	*(也)**[地]*	地	地。	标记主张优先,ws为未施校勘正文
9691	志第十二	*[中官觉]*	中官觉	，中官觉，	标记主张优先,ws为未施校勘正文
9699	志第十二	*(宋)**[宗]*	宗	，宗	标记主张优先,ws为未施校勘正文
9699	志第十二	*[曹]*	曹	，曹	标记主张优先,ws为未施校勘正文
9726	志第十三	*(曰)**[白]*	白	曰	标记主张优先,ws为未施校勘正文
9744	志第十三	*[玦]*	玦	，玦	标记主张优先,ws为未施校勘正文
9763	志第十三	*(牧)**[收]*	收	，收	标记主张优先,ws为未施校勘正文
9799	志第十三	*[民]*	民	，民	标记主张优先,ws为未施校勘正文
9833	志第十四	*[度]*	度	，度	标记主张优先,ws为未施校勘正文
9850	志第十四	*(尔)**[是]*	是	，是	标记主张优先,ws为未施校勘正文
9863	志第十五	*(而)**[雨]*	雨	，雨	标记主张优先,ws为未施校勘正文
9952	志第十六	*(申)**[寅]*	寅	寅，	标记主张优先,ws为未施校勘正文
9971	志第十六	*(云)**[言]*	言	言，	标记主张优先,ws为未施校勘正文
10004	志第十六	*(至)**[巫]*	巫	，巫	标记主张优先,ws为未施校勘正文
10014	志第十六	*(事)**[是]*	是	，是	标记主张优先,ws为未施校勘正文
10021	志第十六	*(戊申)**[甲戌]*	甲戌	甲戌，	标记主张优先,ws为未施校勘正文
10131	志第十八	*(亥)**[巳]*	巳	已	标记主张优先,ws为未施校勘正文
10256	志第二十	*[汤]*	汤	，汤	标记主张优先,ws为未施校勘正文
11028	志第二十六	*(衣)**[亵]*	亵	衣	标记主张优先,ws为未施校勘正文
11037	志第二十六	*(一)*		二	标记主张优先,ws为未施校勘正文
11106	志第二十八	[尉一人]	尉一人	。尉一人，	标记主张优先,ws为未施校勘正文
11113	志第二十八	*(国)**[邑]*	邑	邑。	标记主张优先,ws为未施校勘正文
11149	志第二十九	*(锡)**[钖]*	钖	，钖	标记主张优先,ws为未施校勘正文
11154	志第二十九	*(锡)**[钖]*	钖	钖，	标记主张优先,ws为未施校勘正文
11154	志第二十九	*(鍐)**[鋄]*	鋄	鍐鋄	标记主张优先,ws为未施校勘正文
11174	志第二十九	*(八)**[公]*	公	，公	标记主张优先,ws为未施校勘正文
11174	志第二十九	*(四)*		三	标记主张优先,ws为未施校勘正文
11178	志第二十九	*(木)**[朱]*	朱	，朱	标记主张优先,ws为未施校勘正文
11193	志第二十九	*(锡义)**[钖义]*	钖义	钖文	标记主张优先,ws为未施校勘正文
11193	志第二十九	*(义)**[义]*	义	文	标记主张优先,ws为未施校勘正文
11204	志第三十	*(史)**[绣]*	绣	绣，	标记主张优先,ws为未施校勘正文
11213	志第三十	[顶]	顶	，顶	标记主张优先,ws为未施校勘正文
11243	志第三十	*(绀)*缥*[绀]*	缥绀	缥绀，淳	标记主张优先,ws为未施校勘正文
11255	志第三十	*(纶)**[绶]*	绶	绶，	标记主张优先,ws为未施校勘正文
11255	志第三十	*[圭]*	圭	圭，	标记主张优先,ws为未施校勘正文
