序	行	状态	四库字	四库卷	左锚	右锚
1	565	NOVOL		1下	地理髃神从食	下。南郊焚犊，北郊埋犊。
2	596	NOMATCH		2	祉福，舞功德，其班时令，	髃后。事毕，升灵台，望元
3	910	NOMATCH		4	郭璜，璜子侍中举，卫尉邓	，□弟步兵校尉磊，皆下狱
4	910	NOMATCH		4	，璜子侍中举，卫尉邓□，	弟步兵校尉磊，皆下狱死。
5	965	0.80	鰥	4	二千石详刑辟，理冤虐，恤	寡，乡孤弱，思惟致灾兴蝗
6	1287	NOMATCH		5	月丁巳，中郎将任尚有谸，	市。
7	1653	NOMATCH		6	永嘉[	]元年春正月戊戌，帝崩于
8	1991	NOMATCH		8	少府李膺、司隶校尉朱瑀[	]、颍川太守巴肃、沛相荀
9	2492	NOVOL		10上	也，为丞相，坐与灌夫朋党	市也。 帝省诏悲叹，复重
10	2503	NOVOL		10上	崩，未及葬，而梁贵人姊(	)嫕上书陈贵人枉殁之状。
11	2516	NOVOL		10上	汤官经用岁且二万万，太后	止，日杀省珍费，自是
12	2519	NOVOL		10上	其明加检	，勿兼容护。”自是亲属犯
13	2949	NOMATCH		16	，皆食枣菜。帝乃征禹还，	曰：“赤眉无谷，自当来东
14	3060	NOMATCH		17	送至河南，赐以乘舆七尺具	。□异曰：“三辅遭王莽、
15	3060	NOMATCH		17	河南，赐以乘舆七尺具□。	异曰：“三辅遭王莽、更始
16	3068	NOMATCH		17	”异曰：“虏兵临境，忸(	)忕小利，遂欲深入。若得
17	3190	NOMATCH		19	此不归，远行安之？”弇按	曰：“子舆弊贼，卒为降虏
18	3239	NOMATCH		19	建安二十三年，与大医令吉	、丞相司直韦况晃晔谋起
19	3263	NOMATCH		20	马奋戟，瞋目大呼左右曰“	”，众皆披靡。及至城门，
20	3265	NOMATCH		20	？”光武笑曰：“卿欲遂前	邪？”时铜马数十万众入清
21	3325	NOMATCH		21	，与诸贼会于檀乡，因号为	乡。檀乡渠帅董次仲始起茌
22	3381	NOMATCH		22	侯。从击王郎将儿宏等于南	，
23	3616	NOMATCH		25	陛下亲劳圣思，日	不食，忧在军役，诚欲以安
24	3733	NOMATCH		26	名，愿得降之”。更始乃征	。□年未二十，既引见，更
25	3733	NOMATCH		26	愿得降之”。更始乃征□。	年未二十，既引见，更始笑
26	3734	NOMATCH		26	：“赵憙真长者也。”即征	，引见，赐赜马，待诏公车
27	3734	NOMATCH		26	单车驰之简阳。吏民不欲内	憙憙□乃告譬，呼城中大人
28	3734	NOMATCH		26	之简阳。吏民不欲内□憙憙	乃告譬，呼城中大人，示以
29	3784	NOMATCH		27	孏墯	者，耻不致丹，皆兼功自厉
30	3825	NOMATCH		27	反下于理，臣恐圣化由是而	。”帝虽赦匡，犹左转良为
31	3923	NOMATCH		28	通视千里，览见旧都，茔定	焉。退而幽居。盖忠臣过故
32	3926	NOMATCH		28	，汨吾西征。发轫新丰裵，	回镐京。陵飞廉而太息兮，
33	3926	NOMATCH		28	登平阳而怀伤。悲时俗阸险	兮，哀好恶之无常。弃衡石
34	3936	NOMATCH		28	反，憛音它绀反。本或作“	蕏”，□音丑加反，蕏音丑
35	3936	NOMATCH		28	它绀反。本或作“□蕏”，	音丑加反，蕏音丑制反，未
36	3939	NOMATCH		28	申叔于陈蔡兮，禽荀息于虞	。诛儣鉏之介圣兮，讨臧仓
37	3939	NOMATCH		28	之介圣兮，讨臧仓之愬知；	子反于彭城兮，爵管仲于夷
38	3939	NOMATCH		28	，爵管仲于夷仪。疾兵寖之	滋兮，苦攻伐之萌生；沈孙
39	3940	NOMATCH		28	而折中兮，得务光而愈款。	子高于中野兮，遇伯成而定
40	3957	NOMATCH		28	子也。至人守真养志，言髣	似之也。二子虽病一时，而
41	4054	NOMATCH		30	自上，因陈汉三百五十厄之	，宜蠲法改宪之道，及消伏
42	4095	NOMATCH		30	陛下乃者潜龙养德，幽厄屈	，即位之元，紫宫惊动，历
43	4137	NOMATCH		30	宜承天意，理察冤狱，为刘	、成□亏除罪辟，追录李云
44	4137	NOMATCH		30	意，理察冤狱，为刘□、成	亏除罪辟，追录李云、杜众
45	4158	NOMATCH		31	。君虽精于追捕，而山道险	，自□当一士耳，深宜慎之
46	4158	NOMATCH		31	精于追捕，而山道险□，自	当一士耳，深宜慎之。”伋
47	4168	NOMATCH		31	十有三年，将帅和睦，士卒	痉。今若使公卿郡守出于军
48	4246	NOMATCH		32	疾之。又野王岁献甘醪饧膏	，每辄扰人，吏以为利。鯈
49	4256	NOMATCH		32	太官、尚方、考功、上籞池	诸官，实减无事之物，五府
50	4290	NOMATCH		33	劳，甲胄生虮虱，弓弩弛得	，上下燋心，相望救护，仰
51	4293	NOMATCH		33	道，以征来事者也。陛愍哀	海内新离祸毒，保宥生人，
52	4372	NOMATCH		34	内者令石光，尚方令傅冗，	从仆射杜永连谋，共谮商及
53	4430	NOMATCH		35	，固不肯受。帝以奋违绍，	收下狱，奋惶怖，乃袭封。
54	4520	NOMATCH		36	仍集，此胡降之征也。”帝	兰台给笔札，使作神雀颂，
55	4542	NOMATCH		36	不烦士卒之力。童谣曰：“	我戟，捐我矛，盗贼尽，吏
56	4728	NOMATCH		39	南阳太守成瑨、太原太瓆刘	下狱当死，茂与太尉陈蕃、
57	4788	NOMATCH		40	黄支之犀，条枝之鸟，逾橥	，越巨海，殊方异类，至三
58	4793	NOMATCH		40	“橥	山高二千五百里。”并见前
59	4794	NOMATCH		40	，光爓朗以景彰。于是左(	)覠右平，重轩三阶，闺房
60	4827	NOMATCH		40	。周处风土记曰：“鹥，鹥	也，以名自呼，大如鸡，生
61	4906	NOMATCH		40	心。瞻前顾后，岂蔑清𠡠惮	天乎？伊考自邃古，乃降戾
62	4955	NOMATCH		71	后除瑕丘令。檀有	建者，盗窃县内，意屏人问
63	4960	NOMATCH		71	郎，常独直台上，无被杫枕	，食糟糠。帝每夜入台，辄
64	4979	NOMATCH		71	物色独问忠、平，而二愕错	不能对。朗知其诈，乃上言
65	5075	NOMATCH		72	丧，弓弩张设甚备。闲梁松	虎贲史曰：‘吏以便宜见非
66	5160	NOMATCH		73	以通关被系，恢独曒然不	于法，
67	5209	NOMATCH		74	不争’之义。又轻侮之寖，	以繁滋，至有四五百科，转
68	5216	NOMATCH		74	真颇知人。会岁终应举，雄	真助其求其才。雄因大会
69	5285	NOMATCH		75	虑出城阙，冀蒙留恩，托备	官，髃僚所不安，耳目所闻
70	5293	NOMATCH		75	空年老，公其伛偻，勿露所	。”酺惶恐诣阙谢，还复视
71	5661	NOMATCH		81	训，士思令谟。幽灵潜翳，	哉缅矣！操以幼年，逮升堂
72	5676	NOMATCH		82	浇音五吊反。	音许既反。
73	5678	NOMATCH		82	昔人之遘辰兮，美伊、选之	时。应规矩之淑质兮，过班
74	5693	NOMATCH		82	选利器于良材，铘镆	于明智。不以此时攀台阶，
75	5696	NOMATCH		82	朴淳	散离，人物错乖。高辛攸降
76	5698	0.80	戹	82	人有昏厄之	，主有畴咨之忧，条垂藟蔓
77	5743	NOMATCH		82	养也。方今承百王之敝，值	运之会。自数世以来，政多
78	5858	NOMATCH		84	，女子之祥。’故春秋鬬蛇	于郑门，昭公殆以女败；康
79	5910	NOMATCH		85	同时饮药自杀。帝犹𠡠之，	掖庭令葬于樊濯聚。于是免
80	6009	NOMATCH		86	帝即位，拜劭为侍中。卓既	权，而恶劭强力，遂左转议
81	6038	NOMATCH		87	，目不视鸣条之事，檀不闻	车之声，天灾不有痛于肌肤
82	6101	NOMATCH		88	诩恐其疽食侵淫而无限极。	之非计。”修曰：“吾意不
83	6153	NOMATCH		88	廉，补即丘长。 中弃末，	官还家，太守张超请为功曹
84	6154	0.80	佃	88	兖州刺史刘岱、豫州佃史孔	，遂皆相善。邈既先有谋约
85	6154	NOMATCH		88	，乃与诸牧守大会酸枣。设	场，将盟，既而更相辞让，
86	6158	0.80	叙	88	！前日不遗，比辱雅叙，述	祸福，公私切至。以子之才
87	6160	NOMATCH		88	室。岂悟本州被侵，厄将遘	，请师见拒，辞行被拘，使
88	6161	NOMATCH		88	昔张坛明登	喢血，奉辞奔走，卒使韩牧
109	6333	NOVOL		90上	已哉！伏见元年已来，遭值	运，陛下戒惧灾异，躬自菲
110	6338	NOVOL		90上	起乎其中，峨峨硙硙，锵锵	□，隆穹盘回，嵎峗错崔。
111	6338	NOVOL		90上	乎其中，峨峨硙硙，锵锵□	，隆穹盘回，嵎峗错崔。神
112	6354	NOVOL		90上	，睽孤刲刺，裸裎袒裼。冒	柘，槎棘枳，穷浚谷，底幽
113	6354	NOVOL		90上	幽嶰，暴斥虎，搏狂兕，狱	熊，抾封狶。或轻訬趬悍，
114	6362	NOVOL		90上	鸧鸹、鸬、鹢，鹭、鴈、鷿	，乃安斯寝，戢翮其涯。鲂
115	6365	NOVOL		90上	公夏滥罟于泗川，里革断其	而□之，曰：‘古者大寒降
116	6365	NOVOL		90上	滥罟于泗川，里革断其□而	之，曰：‘古者大寒降，水
117	6374	NOVOL		90上	。若乃阳阿衰斐之晋制，阐	华羽之南音，所以洞荡匈臆
118	6418	NOVOL		90下	之，遂以为车右。”瞫音舒	反。
119	6443	NOVOL		90下	其为监戒，可谓至切。蜺墯	化，皆妇人干政之所致也。
120	6447	NOVOL		90下	，冒昧自陈。愿身当辜戮，	质不并坐，则身死之日，更
121	6448	NOVOL		90下	，邕至门试潜听之，憘：“	！以乐召我而有杀心，何也
122	6482	NOMATCH		91	栗，莫敢轻举。迄于永嘉[	]，察选清平，多得其人。
123	6504	NOMATCH		91	饮极欢，及酒阑倡罢，继以	露之歌，坐中闻者，皆为掩
124	6632	0.67	孽	93	孽造妖	，使樊丰之徒乘权放恣，侵
125	6698	NOMATCH		94	封土象山于路侧，以菩刍棘	为神主祭之，以车轹軷而去
126	6706	NOMATCH		94	文章，有名京师。 以师丧	官奔赴，五府并辟不就。
127	6719	0.75		94	教羿射者也。慎勿迷其本，	其生也。”
128	6724	NOMATCH		94	髃居，皆有口无行，弃家之	子，或朝之斥臣，必有羊胜
129	6728	NOMATCH		94	瞻护于弼。弼遂受诬，事当	市。劭与郡人卖郡邸，行赂
130	6740	NOMATCH		94	古学，颇知今之礼记冗多回	。臣前以周礼诸经，发起爉
131	6756	NOMATCH		94	七年，自虑奄忽，乃为遗令	兄子曰：“大丈夫生世，遯
132	6870	0.80	劉瓆	96	官，乘势犯法，二郡太守刘	、成□考案其罪，虽经赦令
133	6870	NOMATCH		96	势犯法，二郡太守刘□、成	考案其罪，虽经赦令，而并
134	6870	NOMATCH		96	宦官怨恚，有司承旨，遂奏	、□罪当□市。又山阳太守
135	6870	NOMATCH		96	怨恚，有司承旨，遂奏□、	罪当□市。又山阳太守翟超
136	6870	NOMATCH		96	有司承旨，遂奏□、□罪当	市。又山阳太守翟超，没入
137	6870	NOMATCH		96	司徒刘矩、司空刘茂共谏请	、□、超、浮等，帝不悦。
138	6870	NOMATCH		96	刘矩、司空刘茂共谏请□、	、超、浮等，帝不悦。有司
139	6870	NOMATCH		96	于鲁，小恶必书。宜𠡠自整	，后以及人。今寇贼在外，
140	6886	NOMATCH		96	风声，抗论惛俗。而驱驰崄	之中，与刑人腐夫同朝争衡
141	6930	NOMATCH		97	禁付宛狱，笞杀之。桓帝征	，下狱死。宗资字叔都，南
142	6933	NOMATCH		97	刘表、陈翔、孔昱、苑康、	□、翟超为“八及”。
143	6933	NOMATCH		97	陈翔、孔昱、苑康、□敷[	]、翟超为“八及”。及者
144	7018	0.80	傳檀	97	檀敷	字文有，山阳瑕丘人也。少
145	7063	NOMATCH		98	，荐达郡士范冉、韩伷、孔	等三人，因辞病自绝。会有
146	7087	NOMATCH		99	从，令冰与尹勋、侍御史祝	杂考□，辞连及曹节、王甫
147	7087	NOMATCH		99	冰与尹勋、侍御史祝□杂考	，辞连及曹节、王甫。勋、
148	7161	NOMATCH		100	而欲绳之以古刑，投弃以残	，非所谓与时消息者也。纣
149	7345	NOMATCH		102	外兄姜叙屯历城，阜少长诣	家，见叙母，说前在冀中时
150	7345	NOMATCH		102	等兵起，自将出袭历城，得	母。继母骂之曰：‘若背父
151	7409	NOMATCH		104上	豫州伷史孔	、兖州刺史刘岱、陈留太守
152	7459	NOMATCH		104上	父嵩，乞	携养，因臧买位，舆金辇宝
153	7467	NOMATCH		104上	伯珪，众实疲敝，而忲骄将	，军之破败，在此举矣。杨
154	7482	NOMATCH		104下	成，弃亲即雠之计已斾，旃	交于中原，暴尸累于城下。
155	7587	NOMATCH		105	之。布性不喜合鬬，鬬喜解	耳。”乃令军候植戟于营门
156	7609	0.80	勑	106	府，会飒被疾，不能𠡠起，	以桂阳太守归家，须后诏书
157	7665	NOMATCH		106	言。访曰：“若上须弃，是	民也。太守乐以一身救百姓
158	7831	0.80	廐	108	衣；池有弃酒，士有厩死；	马秣粟，民有饥色。近臣不
159	7832	NOMATCH		108	为戒，上畏不测之难剑下惧	客之害，臣知朝廷不复得闻
160	8024	NOMATCH		109下	征还，拜议郎。以寿终。 	，急疾之貌也。飞乃至天，
161	8154	NOMATCH		110下	婞直者见	，故倚门。脏音葬。
162	8188	NOMATCH		110下	人，官随任而处能。叙揆时	，庶绩咸熙。诸侯慕义，不
163	8213	NOMATCH		110下	承基绪，遭遇戹运，昃谦日	。惟岳降神，异人并出。
164	8237	NOMATCH		111	后妃不	忌，则子孙众多也。”其诗
165	8389	NOMATCH		112上	，但得一只舄焉。乃诏尚方	视，则四年中所赐尚书官属
166	8441	NOMATCH		112下	太守刘祗欲上言之，以檀檀	。□对曰：“方今外戚豪盛
167	8441	NOMATCH		112下	刘祗欲上言之，以檀檀□。	对曰：“方今外戚豪盛，阳
168	8512	NOMATCH		112下	‘诸梁时，西域胡来献香罽	带割玉刀，时悔不取也。’
169	8631	NOMATCH		114	自蚕茧，成于机杼，一丝[	]而累，以至于寸，累寸不
170	8680	NOMATCH		115	吹伎人。其俗淫，皆絜净自	，暮夜辄男女髃聚为倡乐。
171	8781	NOMATCH		116	艾。多赐缯布，邪毗	□。甘美酒食。推潭仆远。
172	8781	NOMATCH		116	。多赐缯布，邪毗□	。甘美酒食。推潭仆远。昌
173	8800	NOMATCH		117	没则妻后母，兄亡则纳厘嫂	，故国无鳏寡，种类繁炽。
174	8825	0.80		117	迷吾既杀傅育，狃(	)忕边利。章和元年，复与
175	8980	0.80	將弛	119	。令中郎将置安集掾史将	刑五十人，持兵弩随单于所
176	9186	NOVOL			，取欲谐耦十六日望，月朓	，晦当灭而已。又晦与合同
192	10274	NOVOL			请鲁民治之，及护几席嗣[	]履。后得瓮中素书，曰‘
193	10296	NOVOL			南	
197	10374	NOVOL			有三鬷亭。冤句有	枣城。成阳有尧陵、灵台，
200	10593	NOVOL			无出铁。定莋阐苏	
205	10798	NOVOL			。 沮阳潘永元十一年复。	
206	10799	NOVOL			广	
207	10838	NOVOL				邯
